stimulus_id,condition_id,domain,collab_mode,aesthetic_regime,infrastructure_cue,fictional_brand_name,product_category,stimulus_text
C01_S01,C01,AdCopy,HumanOnly,MainstreamCanon,NoDisclosure,Purami,Travel service,"Purami is designed for people who see travel service not as a commodity, but as a small daily
decision that shapes how they live. This campaign speaks to those who value consistency, texture,
and intention in the choices they make.  The copy is polished, broadly appealing language with
familiar advertising conventions and a reassuring tone. It feels crafted with deliberate word choice
and a confident human voice, balancing aspiration with approachability. Rather than overpromising,
it focuses on how the product fits naturally into everyday routines.  A tactile detail stands out:
the moment you notice it working quietly in the background, doing exactly what it should, without
asking for attention.

Tagline:
Purami: Made for how you actually live."
C01_S02,C01,AdCopy,HumanOnly,MainstreamCanon,NoDisclosure,Zenono Works,Fitness studio,"Zenono Works is designed for people who see fitness studio not as a commodity, but as a small daily
decision that shapes how they live. This campaign speaks to those who value consistency, texture,
and intention in the choices they make.  The copy is polished, broadly appealing language with
familiar advertising conventions and a reassuring tone. It feels crafted with deliberate word choice
and a confident human voice, balancing aspiration with approachability. Rather than overpromising,
it focuses on how the product fits naturally into everyday routines.  A tactile detail stands out:
the moment you notice it working quietly in the background, doing exactly what it should, without
asking for attention.

Tagline:
Zenono Works: Made for how you actually live."
C01_S03,C01,AdCopy,HumanOnly,MainstreamCanon,NoDisclosure,Koralo Co,Smart home device,"Koralo Co is designed for people who see smart home device not as a commodity, but as a small daily
decision that shapes how they live. This campaign speaks to those who value consistency, texture,
and intention in the choices they make.  The copy is polished, broadly appealing language with
familiar advertising conventions and a reassuring tone. It feels crafted with deliberate word choice
and a confident human voice, balancing aspiration with approachability. Rather than overpromising,
it focuses on how the product fits naturally into everyday routines.  A tactile detail stands out:
the moment you notice it working quietly in the background, doing exactly what it should, without
asking for attention.

Tagline:
Koralo Co: Made for how you actually live."
C01_S04,C01,AdCopy,HumanOnly,MainstreamCanon,NoDisclosure,Purafi Haus,DIY furniture,"Purafi Haus is designed for people who see diy furniture not as a commodity, but as a small daily
decision that shapes how they live. This campaign speaks to those who value consistency, texture,
and intention in the choices they make.  The copy is polished, broadly appealing language with
familiar advertising conventions and a reassuring tone. It feels crafted with deliberate word choice
and a confident human voice, balancing aspiration with approachability. Rather than overpromising,
it focuses on how the product fits naturally into everyday routines.  A tactile detail stands out:
the moment you notice it working quietly in the background, doing exactly what it should, without
asking for attention.

Tagline:
Purafi Haus: Made for how you actually live."
C01_S05,C01,AdCopy,HumanOnly,MainstreamCanon,NoDisclosure,Ariati Works,Skincare,"Ariati Works is designed for people who see skincare not as a commodity, but as a small daily
decision that shapes how they live. This campaign speaks to those who value consistency, texture,
and intention in the choices they make.  The copy is polished, broadly appealing language with
familiar advertising conventions and a reassuring tone. It feels crafted with deliberate word choice
and a confident human voice, balancing aspiration with approachability. Rather than overpromising,
it focuses on how the product fits naturally into everyday routines.  A tactile detail stands out:
the moment you notice it working quietly in the background, doing exactly what it should, without
asking for attention.

Tagline:
Ariati Works: Made for how you actually live."
C01_S06,C01,AdCopy,HumanOnly,MainstreamCanon,NoDisclosure,Rivono Market,Electric scooter,"Rivono Market is designed for people who see electric scooter not as a commodity, but as a small
daily decision that shapes how they live. This campaign speaks to those who value consistency,
texture, and intention in the choices they make.  The copy is polished, broadly appealing language
with familiar advertising conventions and a reassuring tone. It feels crafted with deliberate word
choice and a confident human voice, balancing aspiration with approachability. Rather than
overpromising, it focuses on how the product fits naturally into everyday routines.  A tactile
detail stands out: the moment you notice it working quietly in the background, doing exactly what it
should, without asking for attention.

Tagline:
Rivono Market: Made for how you actually live."
C02_S01,C02,AdCopy,HumanOnly,MainstreamCanon,AIDisclosed,Orbiti Systems,Streaming audio app,"Orbiti Systems is designed for people who see streaming audio app not as a commodity, but as a small
daily decision that shapes how they live. This campaign speaks to those who value consistency,
texture, and intention in the choices they make.  The copy is polished, broadly appealing language
with familiar advertising conventions and a reassuring tone. It feels crafted with deliberate word
choice and a confident human voice, balancing aspiration with approachability. Rather than
overpromising, it focuses on how the product fits naturally into everyday routines.  A tactile
detail stands out: the moment you notice it working quietly in the background, doing exactly what it
should, without asking for attention.

Tagline:
Orbiti Systems: Made for how you actually live."
C02_S02,C02,AdCopy,HumanOnly,MainstreamCanon,AIDisclosed,Civira Group,Eco laundry detergent,"Civira Group is designed for people who see eco laundry detergent not as a commodity, but as a small
daily decision that shapes how they live. This campaign speaks to those who value consistency,
texture, and intention in the choices they make.  The copy is polished, broadly appealing language
with familiar advertising conventions and a reassuring tone. It feels crafted with deliberate word
choice and a confident human voice, balancing aspiration with approachability. Rather than
overpromising, it focuses on how the product fits naturally into everyday routines.  A tactile
detail stands out: the moment you notice it working quietly in the background, doing exactly what it
should, without asking for attention.

Tagline:
Civira Group: Made for how you actually live."
C02_S03,C02,AdCopy,HumanOnly,MainstreamCanon,AIDisclosed,Purane Atelier,DIY furniture,"Purane Atelier is designed for people who see diy furniture not as a commodity, but as a small daily
decision that shapes how they live. This campaign speaks to those who value consistency, texture,
and intention in the choices they make.  The copy is polished, broadly appealing language with
familiar advertising conventions and a reassuring tone. It feels crafted with deliberate word choice
and a confident human voice, balancing aspiration with approachability. Rather than overpromising,
it focuses on how the product fits naturally into everyday routines.  A tactile detail stands out:
the moment you notice it working quietly in the background, doing exactly what it should, without
asking for attention.

Tagline:
Purane Atelier: Made for how you actually live."
C02_S04,C02,AdCopy,HumanOnly,MainstreamCanon,AIDisclosed,Vitami &Co,DIY furniture,"Vitami &Co is designed for people who see diy furniture not as a commodity, but as a small daily
decision that shapes how they live. This campaign speaks to those who value consistency, texture,
and intention in the choices they make.  The copy is polished, broadly appealing language with
familiar advertising conventions and a reassuring tone. It feels crafted with deliberate word choice
and a confident human voice, balancing aspiration with approachability. Rather than overpromising,
it focuses on how the product fits naturally into everyday routines.  A tactile detail stands out:
the moment you notice it working quietly in the background, doing exactly what it should, without
asking for attention.

Tagline:
Vitami &Co: Made for how you actually live."
C02_S05,C02,AdCopy,HumanOnly,MainstreamCanon,AIDisclosed,Firalo,Eco laundry detergent,"Firalo is designed for people who see eco laundry detergent not as a commodity, but as a small daily
decision that shapes how they live. This campaign speaks to those who value consistency, texture,
and intention in the choices they make.  The copy is polished, broadly appealing language with
familiar advertising conventions and a reassuring tone. It feels crafted with deliberate word choice
and a confident human voice, balancing aspiration with approachability. Rather than overpromising,
it focuses on how the product fits naturally into everyday routines.  A tactile detail stands out:
the moment you notice it working quietly in the background, doing exactly what it should, without
asking for attention.

Tagline:
Firalo: Made for how you actually live."
C02_S06,C02,AdCopy,HumanOnly,MainstreamCanon,AIDisclosed,Civisa,Electric scooter,"Civisa is designed for people who see electric scooter not as a commodity, but as a small daily
decision that shapes how they live. This campaign speaks to those who value consistency, texture,
and intention in the choices they make.  The copy is polished, broadly appealing language with
familiar advertising conventions and a reassuring tone. It feels crafted with deliberate word choice
and a confident human voice, balancing aspiration with approachability. Rather than overpromising,
it focuses on how the product fits naturally into everyday routines.  A tactile detail stands out:
the moment you notice it working quietly in the background, doing exactly what it should, without
asking for attention.

Tagline:
Civisa: Made for how you actually live."
C03_S01,C03,AdCopy,HumanOnly,SubculturalNiche,NoDisclosure,Zenosa,Sparkling beverage,"Zenosa is designed for people who see sparkling beverage not as a commodity, but as a small daily
decision that shapes how they live. This campaign speaks to those who value consistency, texture,
and intention in the choices they make.  The copy is edgier language with niche cultural references,
an unconventional voice, and a slightly rebellious tone. It feels crafted with deliberate word
choice and a confident human voice, balancing aspiration with approachability. Rather than
overpromising, it focuses on how the product fits naturally into everyday routines.  A tactile
detail stands out: the moment you notice it working quietly in the background, doing exactly what it
should, without asking for attention.

Tagline:
Zenosa: Made for how you actually live."
C03_S02,C03,AdCopy,HumanOnly,SubculturalNiche,NoDisclosure,Codave,Coffee subscription,"Codave is designed for people who see coffee subscription not as a commodity, but as a small daily
decision that shapes how they live. This campaign speaks to those who value consistency, texture,
and intention in the choices they make.  The copy is edgier language with niche cultural references,
an unconventional voice, and a slightly rebellious tone. It feels crafted with deliberate word
choice and a confident human voice, balancing aspiration with approachability. Rather than
overpromising, it focuses on how the product fits naturally into everyday routines.  A tactile
detail stands out: the moment you notice it working quietly in the background, doing exactly what it
should, without asking for attention.

Tagline:
Codave: Made for how you actually live."
C03_S03,C03,AdCopy,HumanOnly,SubculturalNiche,NoDisclosure,Ariati,Streaming audio app,"Ariati is designed for people who see streaming audio app not as a commodity, but as a small daily
decision that shapes how they live. This campaign speaks to those who value consistency, texture,
and intention in the choices they make.  The copy is edgier language with niche cultural references,
an unconventional voice, and a slightly rebellious tone. It feels crafted with deliberate word
choice and a confident human voice, balancing aspiration with approachability. Rather than
overpromising, it focuses on how the product fits naturally into everyday routines.  A tactile
detail stands out: the moment you notice it working quietly in the background, doing exactly what it
should, without asking for attention.

Tagline:
Ariati: Made for how you actually live."
C03_S04,C03,AdCopy,HumanOnly,SubculturalNiche,NoDisclosure,Orbila Labs,Eco laundry detergent,"Orbila Labs is designed for people who see eco laundry detergent not as a commodity, but as a small
daily decision that shapes how they live. This campaign speaks to those who value consistency,
texture, and intention in the choices they make.  The copy is edgier language with niche cultural
references, an unconventional voice, and a slightly rebellious tone. It feels crafted with
deliberate word choice and a confident human voice, balancing aspiration with approachability.
Rather than overpromising, it focuses on how the product fits naturally into everyday routines.  A
tactile detail stands out: the moment you notice it working quietly in the background, doing exactly
what it should, without asking for attention.

Tagline:
Orbila Labs: Made for how you actually live."
C03_S05,C03,AdCopy,HumanOnly,SubculturalNiche,NoDisclosure,Novolo,Coffee subscription,"Novolo is designed for people who see coffee subscription not as a commodity, but as a small daily
decision that shapes how they live. This campaign speaks to those who value consistency, texture,
and intention in the choices they make.  The copy is edgier language with niche cultural references,
an unconventional voice, and a slightly rebellious tone. It feels crafted with deliberate word
choice and a confident human voice, balancing aspiration with approachability. Rather than
overpromising, it focuses on how the product fits naturally into everyday routines.  A tactile
detail stands out: the moment you notice it working quietly in the background, doing exactly what it
should, without asking for attention.

Tagline:
Novolo: Made for how you actually live."
C03_S06,C03,AdCopy,HumanOnly,SubculturalNiche,NoDisclosure,Evozo &Co,Smart home device,"Evozo &Co is designed for people who see smart home device not as a commodity, but as a small daily
decision that shapes how they live. This campaign speaks to those who value consistency, texture,
and intention in the choices they make.  The copy is edgier language with niche cultural references,
an unconventional voice, and a slightly rebellious tone. It feels crafted with deliberate word
choice and a confident human voice, balancing aspiration with approachability. Rather than
overpromising, it focuses on how the product fits naturally into everyday routines.  A tactile
detail stands out: the moment you notice it working quietly in the background, doing exactly what it
should, without asking for attention.

Tagline:
Evozo &Co: Made for how you actually live."
C04_S01,C04,AdCopy,HumanOnly,SubculturalNiche,AIDisclosed,Korave,Fitness studio,"Korave is designed for people who see fitness studio not as a commodity, but as a small daily
decision that shapes how they live. This campaign speaks to those who value consistency, texture,
and intention in the choices they make.  The copy is edgier language with niche cultural references,
an unconventional voice, and a slightly rebellious tone. It feels crafted with deliberate word
choice and a confident human voice, balancing aspiration with approachability. Rather than
overpromising, it focuses on how the product fits naturally into everyday routines.  A tactile
detail stands out: the moment you notice it working quietly in the background, doing exactly what it
should, without asking for attention.

Tagline:
Korave: Made for how you actually live."
C04_S02,C04,AdCopy,HumanOnly,SubculturalNiche,AIDisclosed,Nexana,Streaming audio app,"Nexana is designed for people who see streaming audio app not as a commodity, but as a small daily
decision that shapes how they live. This campaign speaks to those who value consistency, texture,
and intention in the choices they make.  The copy is edgier language with niche cultural references,
an unconventional voice, and a slightly rebellious tone. It feels crafted with deliberate word
choice and a confident human voice, balancing aspiration with approachability. Rather than
overpromising, it focuses on how the product fits naturally into everyday routines.  A tactile
detail stands out: the moment you notice it working quietly in the background, doing exactly what it
should, without asking for attention.

Tagline:
Nexana: Made for how you actually live."
C04_S03,C04,AdCopy,HumanOnly,SubculturalNiche,AIDisclosed,Ariala Works,Sparkling beverage,"Ariala Works is designed for people who see sparkling beverage not as a commodity, but as a small
daily decision that shapes how they live. This campaign speaks to those who value consistency,
texture, and intention in the choices they make.  The copy is edgier language with niche cultural
references, an unconventional voice, and a slightly rebellious tone. It feels crafted with
deliberate word choice and a confident human voice, balancing aspiration with approachability.
Rather than overpromising, it focuses on how the product fits naturally into everyday routines.  A
tactile detail stands out: the moment you notice it working quietly in the background, doing exactly
what it should, without asking for attention.

Tagline:
Ariala Works: Made for how you actually live."
C04_S04,C04,AdCopy,HumanOnly,SubculturalNiche,AIDisclosed,Lumaxo,Sparkling beverage,"Lumaxo is designed for people who see sparkling beverage not as a commodity, but as a small daily
decision that shapes how they live. This campaign speaks to those who value consistency, texture,
and intention in the choices they make.  The copy is edgier language with niche cultural references,
an unconventional voice, and a slightly rebellious tone. It feels crafted with deliberate word
choice and a confident human voice, balancing aspiration with approachability. Rather than
overpromising, it focuses on how the product fits naturally into everyday routines.  A tactile
detail stands out: the moment you notice it working quietly in the background, doing exactly what it
should, without asking for attention.

Tagline:
Lumaxo: Made for how you actually live."
C04_S05,C04,AdCopy,HumanOnly,SubculturalNiche,AIDisclosed,Codave Works,Smart home device,"Codave Works is designed for people who see smart home device not as a commodity, but as a small
daily decision that shapes how they live. This campaign speaks to those who value consistency,
texture, and intention in the choices they make.  The copy is edgier language with niche cultural
references, an unconventional voice, and a slightly rebellious tone. It feels crafted with
deliberate word choice and a confident human voice, balancing aspiration with approachability.
Rather than overpromising, it focuses on how the product fits naturally into everyday routines.  A
tactile detail stands out: the moment you notice it working quietly in the background, doing exactly
what it should, without asking for attention.

Tagline:
Codave Works: Made for how you actually live."
C04_S06,C04,AdCopy,HumanOnly,SubculturalNiche,AIDisclosed,Civimi,Skincare,"Civimi is designed for people who see skincare not as a commodity, but as a small daily decision
that shapes how they live. This campaign speaks to those who value consistency, texture, and
intention in the choices they make.  The copy is edgier language with niche cultural references, an
unconventional voice, and a slightly rebellious tone. It feels crafted with deliberate word choice
and a confident human voice, balancing aspiration with approachability. Rather than overpromising,
it focuses on how the product fits naturally into everyday routines.  A tactile detail stands out:
the moment you notice it working quietly in the background, doing exactly what it should, without
asking for attention.

Tagline:
Civimi: Made for how you actually live."
C05_S01,C05,AdCopy,HumanOnly,DatasetBiased,NoDisclosure,Zenozo,Fitness studio,"Zenozo is designed for people who see fitness studio not as a commodity, but as a small daily
decision that shapes how they live. This campaign speaks to those who value consistency, texture,
and intention in the choices they make.  The copy is smooth but generic language that subtly
reflects Western-centric, lifestyle-default assumptions common in large datasets. It feels crafted
with deliberate word choice and a confident human voice, balancing aspiration with approachability.
Rather than overpromising, it focuses on how the product fits naturally into everyday routines.  A
tactile detail stands out: the moment you notice it working quietly in the background, doing exactly
what it should, without asking for attention.

Tagline:
Zenozo: Made for how you actually live."
C05_S02,C05,AdCopy,HumanOnly,DatasetBiased,NoDisclosure,Aerozo,Electric scooter,"Aerozo is designed for people who see electric scooter not as a commodity, but as a small daily
decision that shapes how they live. This campaign speaks to those who value consistency, texture,
and intention in the choices they make.  The copy is smooth but generic language that subtly
reflects Western-centric, lifestyle-default assumptions common in large datasets. It feels crafted
with deliberate word choice and a confident human voice, balancing aspiration with approachability.
Rather than overpromising, it focuses on how the product fits naturally into everyday routines.  A
tactile detail stands out: the moment you notice it working quietly in the background, doing exactly
what it should, without asking for attention.

Tagline:
Aerozo: Made for how you actually live."
C05_S03,C05,AdCopy,HumanOnly,DatasetBiased,NoDisclosure,Vitana,DIY furniture,"Vitana is designed for people who see diy furniture not as a commodity, but as a small daily
decision that shapes how they live. This campaign speaks to those who value consistency, texture,
and intention in the choices they make.  The copy is smooth but generic language that subtly
reflects Western-centric, lifestyle-default assumptions common in large datasets. It feels crafted
with deliberate word choice and a confident human voice, balancing aspiration with approachability.
Rather than overpromising, it focuses on how the product fits naturally into everyday routines.  A
tactile detail stands out: the moment you notice it working quietly in the background, doing exactly
what it should, without asking for attention.

Tagline:
Vitana: Made for how you actually live."
C05_S04,C05,AdCopy,HumanOnly,DatasetBiased,NoDisclosure,Nexave,Smart home device,"Nexave is designed for people who see smart home device not as a commodity, but as a small daily
decision that shapes how they live. This campaign speaks to those who value consistency, texture,
and intention in the choices they make.  The copy is smooth but generic language that subtly
reflects Western-centric, lifestyle-default assumptions common in large datasets. It feels crafted
with deliberate word choice and a confident human voice, balancing aspiration with approachability.
Rather than overpromising, it focuses on how the product fits naturally into everyday routines.  A
tactile detail stands out: the moment you notice it working quietly in the background, doing exactly
what it should, without asking for attention.

Tagline:
Nexave: Made for how you actually live."
C05_S05,C05,AdCopy,HumanOnly,DatasetBiased,NoDisclosure,Kivone,Plant-based snack,"Kivone is designed for people who see plant-based snack not as a commodity, but as a small daily
decision that shapes how they live. This campaign speaks to those who value consistency, texture,
and intention in the choices they make.  The copy is smooth but generic language that subtly
reflects Western-centric, lifestyle-default assumptions common in large datasets. It feels crafted
with deliberate word choice and a confident human voice, balancing aspiration with approachability.
Rather than overpromising, it focuses on how the product fits naturally into everyday routines.  A
tactile detail stands out: the moment you notice it working quietly in the background, doing exactly
what it should, without asking for attention.

Tagline:
Kivone: Made for how you actually live."
C05_S06,C05,AdCopy,HumanOnly,DatasetBiased,NoDisclosure,Aerono,Coffee subscription,"Aerono is designed for people who see coffee subscription not as a commodity, but as a small daily
decision that shapes how they live. This campaign speaks to those who value consistency, texture,
and intention in the choices they make.  The copy is smooth but generic language that subtly
reflects Western-centric, lifestyle-default assumptions common in large datasets. It feels crafted
with deliberate word choice and a confident human voice, balancing aspiration with approachability.
Rather than overpromising, it focuses on how the product fits naturally into everyday routines.  A
tactile detail stands out: the moment you notice it working quietly in the background, doing exactly
what it should, without asking for attention.

Tagline:
Aerono: Made for how you actually live."
C06_S01,C06,AdCopy,HumanOnly,DatasetBiased,AIDisclosed,Rivona,Smart home device,"Rivona is designed for people who see smart home device not as a commodity, but as a small daily
decision that shapes how they live. This campaign speaks to those who value consistency, texture,
and intention in the choices they make.  The copy is smooth but generic language that subtly
reflects Western-centric, lifestyle-default assumptions common in large datasets. It feels crafted
with deliberate word choice and a confident human voice, balancing aspiration with approachability.
Rather than overpromising, it focuses on how the product fits naturally into everyday routines.  A
tactile detail stands out: the moment you notice it working quietly in the background, doing exactly
what it should, without asking for attention.

Tagline:
Rivona: Made for how you actually live."
C06_S02,C06,AdCopy,HumanOnly,DatasetBiased,AIDisclosed,Kivoly Works,Travel service,"Kivoly Works is designed for people who see travel service not as a commodity, but as a small daily
decision that shapes how they live. This campaign speaks to those who value consistency, texture,
and intention in the choices they make.  The copy is smooth but generic language that subtly
reflects Western-centric, lifestyle-default assumptions common in large datasets. It feels crafted
with deliberate word choice and a confident human voice, balancing aspiration with approachability.
Rather than overpromising, it focuses on how the product fits naturally into everyday routines.  A
tactile detail stands out: the moment you notice it working quietly in the background, doing exactly
what it should, without asking for attention.

Tagline:
Kivoly Works: Made for how you actually live."
C06_S03,C06,AdCopy,HumanOnly,DatasetBiased,AIDisclosed,Brioly,Eco laundry detergent,"Brioly is designed for people who see eco laundry detergent not as a commodity, but as a small daily
decision that shapes how they live. This campaign speaks to those who value consistency, texture,
and intention in the choices they make.  The copy is smooth but generic language that subtly
reflects Western-centric, lifestyle-default assumptions common in large datasets. It feels crafted
with deliberate word choice and a confident human voice, balancing aspiration with approachability.
Rather than overpromising, it focuses on how the product fits naturally into everyday routines.  A
tactile detail stands out: the moment you notice it working quietly in the background, doing exactly
what it should, without asking for attention.

Tagline:
Brioly: Made for how you actually live."
C06_S04,C06,AdCopy,HumanOnly,DatasetBiased,AIDisclosed,Kivoti Studio,Eco laundry detergent,"Kivoti Studio is designed for people who see eco laundry detergent not as a commodity, but as a
small daily decision that shapes how they live. This campaign speaks to those who value consistency,
texture, and intention in the choices they make.  The copy is smooth but generic language that
subtly reflects Western-centric, lifestyle-default assumptions common in large datasets. It feels
crafted with deliberate word choice and a confident human voice, balancing aspiration with
approachability. Rather than overpromising, it focuses on how the product fits naturally into
everyday routines.  A tactile detail stands out: the moment you notice it working quietly in the
background, doing exactly what it should, without asking for attention.

Tagline:
Kivoti Studio: Made for how you actually live."
C06_S05,C06,AdCopy,HumanOnly,DatasetBiased,AIDisclosed,Puraxo,Electric scooter,"Puraxo is designed for people who see electric scooter not as a commodity, but as a small daily
decision that shapes how they live. This campaign speaks to those who value consistency, texture,
and intention in the choices they make.  The copy is smooth but generic language that subtly
reflects Western-centric, lifestyle-default assumptions common in large datasets. It feels crafted
with deliberate word choice and a confident human voice, balancing aspiration with approachability.
Rather than overpromising, it focuses on how the product fits naturally into everyday routines.  A
tactile detail stands out: the moment you notice it working quietly in the background, doing exactly
what it should, without asking for attention.

Tagline:
Puraxo: Made for how you actually live."
C06_S06,C06,AdCopy,HumanOnly,DatasetBiased,AIDisclosed,Korazo,Electric scooter,"Korazo is designed for people who see electric scooter not as a commodity, but as a small daily
decision that shapes how they live. This campaign speaks to those who value consistency, texture,
and intention in the choices they make.  The copy is smooth but generic language that subtly
reflects Western-centric, lifestyle-default assumptions common in large datasets. It feels crafted
with deliberate word choice and a confident human voice, balancing aspiration with approachability.
Rather than overpromising, it focuses on how the product fits naturally into everyday routines.  A
tactile detail stands out: the moment you notice it working quietly in the background, doing exactly
what it should, without asking for attention.

Tagline:
Korazo: Made for how you actually live."
C07_S01,C07,AdCopy,AIOnly,MainstreamCanon,NoDisclosure,Firaly,Smart home device,"Firaly is designed for people who see smart home device not as a commodity, but as a small daily
decision that shapes how they live. This campaign speaks to those who value consistency, texture,
and intention in the choices they make.  The copy is polished, broadly appealing language with
familiar advertising conventions and a reassuring tone. It feels efficiently structured, slightly
formulaic, and optimized for clarity, balancing aspiration with approachability. Rather than
overpromising, it focuses on how the product fits naturally into everyday routines.  A tactile
detail stands out: the moment you notice it working quietly in the background, doing exactly what it
should, without asking for attention.

Tagline:
Firaly: Made for how you actually live."
C07_S02,C07,AdCopy,AIOnly,MainstreamCanon,NoDisclosure,Solana,Smart home device,"Solana is designed for people who see smart home device not as a commodity, but as a small daily
decision that shapes how they live. This campaign speaks to those who value consistency, texture,
and intention in the choices they make.  The copy is polished, broadly appealing language with
familiar advertising conventions and a reassuring tone. It feels efficiently structured, slightly
formulaic, and optimized for clarity, balancing aspiration with approachability. Rather than
overpromising, it focuses on how the product fits naturally into everyday routines.  A tactile
detail stands out: the moment you notice it working quietly in the background, doing exactly what it
should, without asking for attention.

Tagline:
Solana: Made for how you actually live."
C07_S03,C07,AdCopy,AIOnly,MainstreamCanon,NoDisclosure,Novola,Travel service,"Novola is designed for people who see travel service not as a commodity, but as a small daily
decision that shapes how they live. This campaign speaks to those who value consistency, texture,
and intention in the choices they make.  The copy is polished, broadly appealing language with
familiar advertising conventions and a reassuring tone. It feels efficiently structured, slightly
formulaic, and optimized for clarity, balancing aspiration with approachability. Rather than
overpromising, it focuses on how the product fits naturally into everyday routines.  A tactile
detail stands out: the moment you notice it working quietly in the background, doing exactly what it
should, without asking for attention.

Tagline:
Novola: Made for how you actually live."
C07_S04,C07,AdCopy,AIOnly,MainstreamCanon,NoDisclosure,Lumara Systems,Travel service,"Lumara Systems is designed for people who see travel service not as a commodity, but as a small
daily decision that shapes how they live. This campaign speaks to those who value consistency,
texture, and intention in the choices they make.  The copy is polished, broadly appealing language
with familiar advertising conventions and a reassuring tone. It feels efficiently structured,
slightly formulaic, and optimized for clarity, balancing aspiration with approachability. Rather
than overpromising, it focuses on how the product fits naturally into everyday routines.  A tactile
detail stands out: the moment you notice it working quietly in the background, doing exactly what it
should, without asking for attention.

Tagline:
Lumara Systems: Made for how you actually live."
C07_S05,C07,AdCopy,AIOnly,MainstreamCanon,NoDisclosure,Purana Supply,DIY furniture,"Purana Supply is designed for people who see diy furniture not as a commodity, but as a small daily
decision that shapes how they live. This campaign speaks to those who value consistency, texture,
and intention in the choices they make.  The copy is polished, broadly appealing language with
familiar advertising conventions and a reassuring tone. It feels efficiently structured, slightly
formulaic, and optimized for clarity, balancing aspiration with approachability. Rather than
overpromising, it focuses on how the product fits naturally into everyday routines.  A tactile
detail stands out: the moment you notice it working quietly in the background, doing exactly what it
should, without asking for attention.

Tagline:
Purana Supply: Made for how you actually live."
C07_S06,C07,AdCopy,AIOnly,MainstreamCanon,NoDisclosure,Melomi,Plant-based snack,"Melomi is designed for people who see plant-based snack not as a commodity, but as a small daily
decision that shapes how they live. This campaign speaks to those who value consistency, texture,
and intention in the choices they make.  The copy is polished, broadly appealing language with
familiar advertising conventions and a reassuring tone. It feels efficiently structured, slightly
formulaic, and optimized for clarity, balancing aspiration with approachability. Rather than
overpromising, it focuses on how the product fits naturally into everyday routines.  A tactile
detail stands out: the moment you notice it working quietly in the background, doing exactly what it
should, without asking for attention.

Tagline:
Melomi: Made for how you actually live."
C08_S01,C08,AdCopy,AIOnly,MainstreamCanon,AIDisclosed,Novogo,DIY furniture,"Novogo is designed for people who see diy furniture not as a commodity, but as a small daily
decision that shapes how they live. This campaign speaks to those who value consistency, texture,
and intention in the choices they make.  The copy is polished, broadly appealing language with
familiar advertising conventions and a reassuring tone. It feels efficiently structured, slightly
formulaic, and optimized for clarity, balancing aspiration with approachability. Rather than
overpromising, it focuses on how the product fits naturally into everyday routines.  A tactile
detail stands out: the moment you notice it working quietly in the background, doing exactly what it
should, without asking for attention.

Tagline:
Novogo: Made for how you actually live."
C08_S02,C08,AdCopy,AIOnly,MainstreamCanon,AIDisclosed,Codana Labs,Smart home device,"Codana Labs is designed for people who see smart home device not as a commodity, but as a small
daily decision that shapes how they live. This campaign speaks to those who value consistency,
texture, and intention in the choices they make.  The copy is polished, broadly appealing language
with familiar advertising conventions and a reassuring tone. It feels efficiently structured,
slightly formulaic, and optimized for clarity, balancing aspiration with approachability. Rather
than overpromising, it focuses on how the product fits naturally into everyday routines.  A tactile
detail stands out: the moment you notice it working quietly in the background, doing exactly what it
should, without asking for attention.

Tagline:
Codana Labs: Made for how you actually live."
C08_S03,C08,AdCopy,AIOnly,MainstreamCanon,AIDisclosed,Civipo,Streaming audio app,"Civipo is designed for people who see streaming audio app not as a commodity, but as a small daily
decision that shapes how they live. This campaign speaks to those who value consistency, texture,
and intention in the choices they make.  The copy is polished, broadly appealing language with
familiar advertising conventions and a reassuring tone. It feels efficiently structured, slightly
formulaic, and optimized for clarity, balancing aspiration with approachability. Rather than
overpromising, it focuses on how the product fits naturally into everyday routines.  A tactile
detail stands out: the moment you notice it working quietly in the background, doing exactly what it
should, without asking for attention.

Tagline:
Civipo: Made for how you actually live."
C08_S04,C08,AdCopy,AIOnly,MainstreamCanon,AIDisclosed,Vitaxo,Fitness studio,"Vitaxo is designed for people who see fitness studio not as a commodity, but as a small daily
decision that shapes how they live. This campaign speaks to those who value consistency, texture,
and intention in the choices they make.  The copy is polished, broadly appealing language with
familiar advertising conventions and a reassuring tone. It feels efficiently structured, slightly
formulaic, and optimized for clarity, balancing aspiration with approachability. Rather than
overpromising, it focuses on how the product fits naturally into everyday routines.  A tactile
detail stands out: the moment you notice it working quietly in the background, doing exactly what it
should, without asking for attention.

Tagline:
Vitaxo: Made for how you actually live."
C08_S05,C08,AdCopy,AIOnly,MainstreamCanon,AIDisclosed,Zenolo,Streaming audio app,"Zenolo is designed for people who see streaming audio app not as a commodity, but as a small daily
decision that shapes how they live. This campaign speaks to those who value consistency, texture,
and intention in the choices they make.  The copy is polished, broadly appealing language with
familiar advertising conventions and a reassuring tone. It feels efficiently structured, slightly
formulaic, and optimized for clarity, balancing aspiration with approachability. Rather than
overpromising, it focuses on how the product fits naturally into everyday routines.  A tactile
detail stands out: the moment you notice it working quietly in the background, doing exactly what it
should, without asking for attention.

Tagline:
Zenolo: Made for how you actually live."
C08_S06,C08,AdCopy,AIOnly,MainstreamCanon,AIDisclosed,Ariave,Electric scooter,"Ariave is designed for people who see electric scooter not as a commodity, but as a small daily
decision that shapes how they live. This campaign speaks to those who value consistency, texture,
and intention in the choices they make.  The copy is polished, broadly appealing language with
familiar advertising conventions and a reassuring tone. It feels efficiently structured, slightly
formulaic, and optimized for clarity, balancing aspiration with approachability. Rather than
overpromising, it focuses on how the product fits naturally into everyday routines.  A tactile
detail stands out: the moment you notice it working quietly in the background, doing exactly what it
should, without asking for attention.

Tagline:
Ariave: Made for how you actually live."
C09_S01,C09,AdCopy,AIOnly,SubculturalNiche,NoDisclosure,Orbizo Market,Electric scooter,"Orbizo Market is designed for people who see electric scooter not as a commodity, but as a small
daily decision that shapes how they live. This campaign speaks to those who value consistency,
texture, and intention in the choices they make.  The copy is edgier language with niche cultural
references, an unconventional voice, and a slightly rebellious tone. It feels efficiently
structured, slightly formulaic, and optimized for clarity, balancing aspiration with
approachability. Rather than overpromising, it focuses on how the product fits naturally into
everyday routines.  A tactile detail stands out: the moment you notice it working quietly in the
background, doing exactly what it should, without asking for attention.

Tagline:
Orbizo Market: Made for how you actually live."
C09_S02,C09,AdCopy,AIOnly,SubculturalNiche,NoDisclosure,Evoly Systems,Travel service,"Evoly Systems is designed for people who see travel service not as a commodity, but as a small daily
decision that shapes how they live. This campaign speaks to those who value consistency, texture,
and intention in the choices they make.  The copy is edgier language with niche cultural references,
an unconventional voice, and a slightly rebellious tone. It feels efficiently structured, slightly
formulaic, and optimized for clarity, balancing aspiration with approachability. Rather than
overpromising, it focuses on how the product fits naturally into everyday routines.  A tactile
detail stands out: the moment you notice it working quietly in the background, doing exactly what it
should, without asking for attention.

Tagline:
Evoly Systems: Made for how you actually live."
C09_S03,C09,AdCopy,AIOnly,SubculturalNiche,NoDisclosure,Novofi Atelier,Sparkling beverage,"Novofi Atelier is designed for people who see sparkling beverage not as a commodity, but as a small
daily decision that shapes how they live. This campaign speaks to those who value consistency,
texture, and intention in the choices they make.  The copy is edgier language with niche cultural
references, an unconventional voice, and a slightly rebellious tone. It feels efficiently
structured, slightly formulaic, and optimized for clarity, balancing aspiration with
approachability. Rather than overpromising, it focuses on how the product fits naturally into
everyday routines.  A tactile detail stands out: the moment you notice it working quietly in the
background, doing exactly what it should, without asking for attention.

Tagline:
Novofi Atelier: Made for how you actually live."
C09_S04,C09,AdCopy,AIOnly,SubculturalNiche,NoDisclosure,Koraxo Collective,Plant-based snack,"Koraxo Collective is designed for people who see plant-based snack not as a commodity, but as a
small daily decision that shapes how they live. This campaign speaks to those who value consistency,
texture, and intention in the choices they make.  The copy is edgier language with niche cultural
references, an unconventional voice, and a slightly rebellious tone. It feels efficiently
structured, slightly formulaic, and optimized for clarity, balancing aspiration with
approachability. Rather than overpromising, it focuses on how the product fits naturally into
everyday routines.  A tactile detail stands out: the moment you notice it working quietly in the
background, doing exactly what it should, without asking for attention.

Tagline:
Koraxo Collective: Made for how you actually live."
C09_S05,C09,AdCopy,AIOnly,SubculturalNiche,NoDisclosure,Vitafi,Electric scooter,"Vitafi is designed for people who see electric scooter not as a commodity, but as a small daily
decision that shapes how they live. This campaign speaks to those who value consistency, texture,
and intention in the choices they make.  The copy is edgier language with niche cultural references,
an unconventional voice, and a slightly rebellious tone. It feels efficiently structured, slightly
formulaic, and optimized for clarity, balancing aspiration with approachability. Rather than
overpromising, it focuses on how the product fits naturally into everyday routines.  A tactile
detail stands out: the moment you notice it working quietly in the background, doing exactly what it
should, without asking for attention.

Tagline:
Vitafi: Made for how you actually live."
C09_S06,C09,AdCopy,AIOnly,SubculturalNiche,NoDisclosure,Nexaxo,Streaming audio app,"Nexaxo is designed for people who see streaming audio app not as a commodity, but as a small daily
decision that shapes how they live. This campaign speaks to those who value consistency, texture,
and intention in the choices they make.  The copy is edgier language with niche cultural references,
an unconventional voice, and a slightly rebellious tone. It feels efficiently structured, slightly
formulaic, and optimized for clarity, balancing aspiration with approachability. Rather than
overpromising, it focuses on how the product fits naturally into everyday routines.  A tactile
detail stands out: the moment you notice it working quietly in the background, doing exactly what it
should, without asking for attention.

Tagline:
Nexaxo: Made for how you actually live."
C10_S01,C10,AdCopy,AIOnly,SubculturalNiche,AIDisclosed,Codago,Eco laundry detergent,"Codago is designed for people who see eco laundry detergent not as a commodity, but as a small daily
decision that shapes how they live. This campaign speaks to those who value consistency, texture,
and intention in the choices they make.  The copy is edgier language with niche cultural references,
an unconventional voice, and a slightly rebellious tone. It feels efficiently structured, slightly
formulaic, and optimized for clarity, balancing aspiration with approachability. Rather than
overpromising, it focuses on how the product fits naturally into everyday routines.  A tactile
detail stands out: the moment you notice it working quietly in the background, doing exactly what it
should, without asking for attention.

Tagline:
Codago: Made for how you actually live."
C10_S02,C10,AdCopy,AIOnly,SubculturalNiche,AIDisclosed,Ariano,Athleisure apparel,"Ariano is designed for people who see athleisure apparel not as a commodity, but as a small daily
decision that shapes how they live. This campaign speaks to those who value consistency, texture,
and intention in the choices they make.  The copy is edgier language with niche cultural references,
an unconventional voice, and a slightly rebellious tone. It feels efficiently structured, slightly
formulaic, and optimized for clarity, balancing aspiration with approachability. Rather than
overpromising, it focuses on how the product fits naturally into everyday routines.  A tactile
detail stands out: the moment you notice it working quietly in the background, doing exactly what it
should, without asking for attention.

Tagline:
Ariano: Made for how you actually live."
C10_S03,C10,AdCopy,AIOnly,SubculturalNiche,AIDisclosed,Orbika,Coffee subscription,"Orbika is designed for people who see coffee subscription not as a commodity, but as a small daily
decision that shapes how they live. This campaign speaks to those who value consistency, texture,
and intention in the choices they make.  The copy is edgier language with niche cultural references,
an unconventional voice, and a slightly rebellious tone. It feels efficiently structured, slightly
formulaic, and optimized for clarity, balancing aspiration with approachability. Rather than
overpromising, it focuses on how the product fits naturally into everyday routines.  A tactile
detail stands out: the moment you notice it working quietly in the background, doing exactly what it
should, without asking for attention.

Tagline:
Orbika: Made for how you actually live."
C10_S04,C10,AdCopy,AIOnly,SubculturalNiche,AIDisclosed,Zenora,Athleisure apparel,"Zenora is designed for people who see athleisure apparel not as a commodity, but as a small daily
decision that shapes how they live. This campaign speaks to those who value consistency, texture,
and intention in the choices they make.  The copy is edgier language with niche cultural references,
an unconventional voice, and a slightly rebellious tone. It feels efficiently structured, slightly
formulaic, and optimized for clarity, balancing aspiration with approachability. Rather than
overpromising, it focuses on how the product fits naturally into everyday routines.  A tactile
detail stands out: the moment you notice it working quietly in the background, doing exactly what it
should, without asking for attention.

Tagline:
Zenora: Made for how you actually live."
C10_S05,C10,AdCopy,AIOnly,SubculturalNiche,AIDisclosed,Ariago Systems,Athleisure apparel,"Ariago Systems is designed for people who see athleisure apparel not as a commodity, but as a small
daily decision that shapes how they live. This campaign speaks to those who value consistency,
texture, and intention in the choices they make.  The copy is edgier language with niche cultural
references, an unconventional voice, and a slightly rebellious tone. It feels efficiently
structured, slightly formulaic, and optimized for clarity, balancing aspiration with
approachability. Rather than overpromising, it focuses on how the product fits naturally into
everyday routines.  A tactile detail stands out: the moment you notice it working quietly in the
background, doing exactly what it should, without asking for attention.

Tagline:
Ariago Systems: Made for how you actually live."
C10_S06,C10,AdCopy,AIOnly,SubculturalNiche,AIDisclosed,Soladi Studio,Sparkling beverage,"Soladi Studio is designed for people who see sparkling beverage not as a commodity, but as a small
daily decision that shapes how they live. This campaign speaks to those who value consistency,
texture, and intention in the choices they make.  The copy is edgier language with niche cultural
references, an unconventional voice, and a slightly rebellious tone. It feels efficiently
structured, slightly formulaic, and optimized for clarity, balancing aspiration with
approachability. Rather than overpromising, it focuses on how the product fits naturally into
everyday routines.  A tactile detail stands out: the moment you notice it working quietly in the
background, doing exactly what it should, without asking for attention.

Tagline:
Soladi Studio: Made for how you actually live."
C11_S01,C11,AdCopy,AIOnly,DatasetBiased,NoDisclosure,Rivodi Supply,Plant-based snack,"Rivodi Supply is designed for people who see plant-based snack not as a commodity, but as a small
daily decision that shapes how they live. This campaign speaks to those who value consistency,
texture, and intention in the choices they make.  The copy is smooth but generic language that
subtly reflects Western-centric, lifestyle-default assumptions common in large datasets. It feels
efficiently structured, slightly formulaic, and optimized for clarity, balancing aspiration with
approachability. Rather than overpromising, it focuses on how the product fits naturally into
everyday routines.  A tactile detail stands out: the moment you notice it working quietly in the
background, doing exactly what it should, without asking for attention.

Tagline:
Rivodi Supply: Made for how you actually live."
C11_S02,C11,AdCopy,AIOnly,DatasetBiased,NoDisclosure,Kivoti,Travel service,"Kivoti is designed for people who see travel service not as a commodity, but as a small daily
decision that shapes how they live. This campaign speaks to those who value consistency, texture,
and intention in the choices they make.  The copy is smooth but generic language that subtly
reflects Western-centric, lifestyle-default assumptions common in large datasets. It feels
efficiently structured, slightly formulaic, and optimized for clarity, balancing aspiration with
approachability. Rather than overpromising, it focuses on how the product fits naturally into
everyday routines.  A tactile detail stands out: the moment you notice it working quietly in the
background, doing exactly what it should, without asking for attention.

Tagline:
Kivoti: Made for how you actually live."
C11_S03,C11,AdCopy,AIOnly,DatasetBiased,NoDisclosure,Evono,Skincare,"Evono is designed for people who see skincare not as a commodity, but as a small daily decision that
shapes how they live. This campaign speaks to those who value consistency, texture, and intention in
the choices they make.  The copy is smooth but generic language that subtly reflects Western-
centric, lifestyle-default assumptions common in large datasets. It feels efficiently structured,
slightly formulaic, and optimized for clarity, balancing aspiration with approachability. Rather
than overpromising, it focuses on how the product fits naturally into everyday routines.  A tactile
detail stands out: the moment you notice it working quietly in the background, doing exactly what it
should, without asking for attention.

Tagline:
Evono: Made for how you actually live."
C11_S04,C11,AdCopy,AIOnly,DatasetBiased,NoDisclosure,Kivodi,Coffee subscription,"Kivodi is designed for people who see coffee subscription not as a commodity, but as a small daily
decision that shapes how they live. This campaign speaks to those who value consistency, texture,
and intention in the choices they make.  The copy is smooth but generic language that subtly
reflects Western-centric, lifestyle-default assumptions common in large datasets. It feels
efficiently structured, slightly formulaic, and optimized for clarity, balancing aspiration with
approachability. Rather than overpromising, it focuses on how the product fits naturally into
everyday routines.  A tactile detail stands out: the moment you notice it working quietly in the
background, doing exactly what it should, without asking for attention.

Tagline:
Kivodi: Made for how you actually live."
C11_S05,C11,AdCopy,AIOnly,DatasetBiased,NoDisclosure,Mirane,Sparkling beverage,"Mirane is designed for people who see sparkling beverage not as a commodity, but as a small daily
decision that shapes how they live. This campaign speaks to those who value consistency, texture,
and intention in the choices they make.  The copy is smooth but generic language that subtly
reflects Western-centric, lifestyle-default assumptions common in large datasets. It feels
efficiently structured, slightly formulaic, and optimized for clarity, balancing aspiration with
approachability. Rather than overpromising, it focuses on how the product fits naturally into
everyday routines.  A tactile detail stands out: the moment you notice it working quietly in the
background, doing exactly what it should, without asking for attention.

Tagline:
Mirane: Made for how you actually live."
C11_S06,C11,AdCopy,AIOnly,DatasetBiased,NoDisclosure,Lumane,Streaming audio app,"Lumane is designed for people who see streaming audio app not as a commodity, but as a small daily
decision that shapes how they live. This campaign speaks to those who value consistency, texture,
and intention in the choices they make.  The copy is smooth but generic language that subtly
reflects Western-centric, lifestyle-default assumptions common in large datasets. It feels
efficiently structured, slightly formulaic, and optimized for clarity, balancing aspiration with
approachability. Rather than overpromising, it focuses on how the product fits naturally into
everyday routines.  A tactile detail stands out: the moment you notice it working quietly in the
background, doing exactly what it should, without asking for attention.

Tagline:
Lumane: Made for how you actually live."
C12_S01,C12,AdCopy,AIOnly,DatasetBiased,AIDisclosed,Vitala,Fitness studio,"Vitala is designed for people who see fitness studio not as a commodity, but as a small daily
decision that shapes how they live. This campaign speaks to those who value consistency, texture,
and intention in the choices they make.  The copy is smooth but generic language that subtly
reflects Western-centric, lifestyle-default assumptions common in large datasets. It feels
efficiently structured, slightly formulaic, and optimized for clarity, balancing aspiration with
approachability. Rather than overpromising, it focuses on how the product fits naturally into
everyday routines.  A tactile detail stands out: the moment you notice it working quietly in the
background, doing exactly what it should, without asking for attention.

Tagline:
Vitala: Made for how you actually live."
C12_S02,C12,AdCopy,AIOnly,DatasetBiased,AIDisclosed,Miraly,Fitness studio,"Miraly is designed for people who see fitness studio not as a commodity, but as a small daily
decision that shapes how they live. This campaign speaks to those who value consistency, texture,
and intention in the choices they make.  The copy is smooth but generic language that subtly
reflects Western-centric, lifestyle-default assumptions common in large datasets. It feels
efficiently structured, slightly formulaic, and optimized for clarity, balancing aspiration with
approachability. Rather than overpromising, it focuses on how the product fits naturally into
everyday routines.  A tactile detail stands out: the moment you notice it working quietly in the
background, doing exactly what it should, without asking for attention.

Tagline:
Miraly: Made for how you actually live."
C12_S03,C12,AdCopy,AIOnly,DatasetBiased,AIDisclosed,Mirari Systems,Plant-based snack,"Mirari Systems is designed for people who see plant-based snack not as a commodity, but as a small
daily decision that shapes how they live. This campaign speaks to those who value consistency,
texture, and intention in the choices they make.  The copy is smooth but generic language that
subtly reflects Western-centric, lifestyle-default assumptions common in large datasets. It feels
efficiently structured, slightly formulaic, and optimized for clarity, balancing aspiration with
approachability. Rather than overpromising, it focuses on how the product fits naturally into
everyday routines.  A tactile detail stands out: the moment you notice it working quietly in the
background, doing exactly what it should, without asking for attention.

Tagline:
Mirari Systems: Made for how you actually live."
C12_S04,C12,AdCopy,AIOnly,DatasetBiased,AIDisclosed,Lumati,Streaming audio app,"Lumati is designed for people who see streaming audio app not as a commodity, but as a small daily
decision that shapes how they live. This campaign speaks to those who value consistency, texture,
and intention in the choices they make.  The copy is smooth but generic language that subtly
reflects Western-centric, lifestyle-default assumptions common in large datasets. It feels
efficiently structured, slightly formulaic, and optimized for clarity, balancing aspiration with
approachability. Rather than overpromising, it focuses on how the product fits naturally into
everyday routines.  A tactile detail stands out: the moment you notice it working quietly in the
background, doing exactly what it should, without asking for attention.

Tagline:
Lumati: Made for how you actually live."
C12_S05,C12,AdCopy,AIOnly,DatasetBiased,AIDisclosed,Firati,Skincare,"Firati is designed for people who see skincare not as a commodity, but as a small daily decision
that shapes how they live. This campaign speaks to those who value consistency, texture, and
intention in the choices they make.  The copy is smooth but generic language that subtly reflects
Western-centric, lifestyle-default assumptions common in large datasets. It feels efficiently
structured, slightly formulaic, and optimized for clarity, balancing aspiration with
approachability. Rather than overpromising, it focuses on how the product fits naturally into
everyday routines.  A tactile detail stands out: the moment you notice it working quietly in the
background, doing exactly what it should, without asking for attention.

Tagline:
Firati: Made for how you actually live."
C12_S06,C12,AdCopy,AIOnly,DatasetBiased,AIDisclosed,Meloti,Athleisure apparel,"Meloti is designed for people who see athleisure apparel not as a commodity, but as a small daily
decision that shapes how they live. This campaign speaks to those who value consistency, texture,
and intention in the choices they make.  The copy is smooth but generic language that subtly
reflects Western-centric, lifestyle-default assumptions common in large datasets. It feels
efficiently structured, slightly formulaic, and optimized for clarity, balancing aspiration with
approachability. Rather than overpromising, it focuses on how the product fits naturally into
everyday routines.  A tactile detail stands out: the moment you notice it working quietly in the
background, doing exactly what it should, without asking for attention.

Tagline:
Meloti: Made for how you actually live."
C13_S01,C13,AdCopy,HumanAI_Collab,MainstreamCanon,NoDisclosure,Codaxo,Fitness studio,"Codaxo is designed for people who see fitness studio not as a commodity, but as a small daily
decision that shapes how they live. This campaign speaks to those who value consistency, texture,
and intention in the choices they make.  The copy is polished, broadly appealing language with
familiar advertising conventions and a reassuring tone. It feels fluid and intentional, blending
exploratory ideas with refined human judgment, balancing aspiration with approachability. Rather
than overpromising, it focuses on how the product fits naturally into everyday routines.  A tactile
detail stands out: the moment you notice it working quietly in the background, doing exactly what it
should, without asking for attention.

Tagline:
Codaxo: Made for how you actually live."
C13_S02,C13,AdCopy,HumanAI_Collab,MainstreamCanon,NoDisclosure,Evogo,Athleisure apparel,"Evogo is designed for people who see athleisure apparel not as a commodity, but as a small daily
decision that shapes how they live. This campaign speaks to those who value consistency, texture,
and intention in the choices they make.  The copy is polished, broadly appealing language with
familiar advertising conventions and a reassuring tone. It feels fluid and intentional, blending
exploratory ideas with refined human judgment, balancing aspiration with approachability. Rather
than overpromising, it focuses on how the product fits naturally into everyday routines.  A tactile
detail stands out: the moment you notice it working quietly in the background, doing exactly what it
should, without asking for attention.

Tagline:
Evogo: Made for how you actually live."
C13_S03,C13,AdCopy,HumanAI_Collab,MainstreamCanon,NoDisclosure,Melofi Systems,Athleisure apparel,"Melofi Systems is designed for people who see athleisure apparel not as a commodity, but as a small
daily decision that shapes how they live. This campaign speaks to those who value consistency,
texture, and intention in the choices they make.  The copy is polished, broadly appealing language
with familiar advertising conventions and a reassuring tone. It feels fluid and intentional,
blending exploratory ideas with refined human judgment, balancing aspiration with approachability.
Rather than overpromising, it focuses on how the product fits naturally into everyday routines.  A
tactile detail stands out: the moment you notice it working quietly in the background, doing exactly
what it should, without asking for attention.

Tagline:
Melofi Systems: Made for how you actually live."
C13_S04,C13,AdCopy,HumanAI_Collab,MainstreamCanon,NoDisclosure,Aerofi,Coffee subscription,"Aerofi is designed for people who see coffee subscription not as a commodity, but as a small daily
decision that shapes how they live. This campaign speaks to those who value consistency, texture,
and intention in the choices they make.  The copy is polished, broadly appealing language with
familiar advertising conventions and a reassuring tone. It feels fluid and intentional, blending
exploratory ideas with refined human judgment, balancing aspiration with approachability. Rather
than overpromising, it focuses on how the product fits naturally into everyday routines.  A tactile
detail stands out: the moment you notice it working quietly in the background, doing exactly what it
should, without asking for attention.

Tagline:
Aerofi: Made for how you actually live."
C13_S05,C13,AdCopy,HumanAI_Collab,MainstreamCanon,NoDisclosure,Evolo,Athleisure apparel,"Evolo is designed for people who see athleisure apparel not as a commodity, but as a small daily
decision that shapes how they live. This campaign speaks to those who value consistency, texture,
and intention in the choices they make.  The copy is polished, broadly appealing language with
familiar advertising conventions and a reassuring tone. It feels fluid and intentional, blending
exploratory ideas with refined human judgment, balancing aspiration with approachability. Rather
than overpromising, it focuses on how the product fits naturally into everyday routines.  A tactile
detail stands out: the moment you notice it working quietly in the background, doing exactly what it
should, without asking for attention.

Tagline:
Evolo: Made for how you actually live."
C13_S06,C13,AdCopy,HumanAI_Collab,MainstreamCanon,NoDisclosure,Vitano Studio,Travel service,"Vitano Studio is designed for people who see travel service not as a commodity, but as a small daily
decision that shapes how they live. This campaign speaks to those who value consistency, texture,
and intention in the choices they make.  The copy is polished, broadly appealing language with
familiar advertising conventions and a reassuring tone. It feels fluid and intentional, blending
exploratory ideas with refined human judgment, balancing aspiration with approachability. Rather
than overpromising, it focuses on how the product fits naturally into everyday routines.  A tactile
detail stands out: the moment you notice it working quietly in the background, doing exactly what it
should, without asking for attention.

Tagline:
Vitano Studio: Made for how you actually live."
C14_S01,C14,AdCopy,HumanAI_Collab,MainstreamCanon,AIDisclosed,Kivono,Fitness studio,"Kivono is designed for people who see fitness studio not as a commodity, but as a small daily
decision that shapes how they live. This campaign speaks to those who value consistency, texture,
and intention in the choices they make.  The copy is polished, broadly appealing language with
familiar advertising conventions and a reassuring tone. It feels fluid and intentional, blending
exploratory ideas with refined human judgment, balancing aspiration with approachability. Rather
than overpromising, it focuses on how the product fits naturally into everyday routines.  A tactile
detail stands out: the moment you notice it working quietly in the background, doing exactly what it
should, without asking for attention.

Tagline:
Kivono: Made for how you actually live."
C14_S02,C14,AdCopy,HumanAI_Collab,MainstreamCanon,AIDisclosed,Kivoxo,Sparkling beverage,"Kivoxo is designed for people who see sparkling beverage not as a commodity, but as a small daily
decision that shapes how they live. This campaign speaks to those who value consistency, texture,
and intention in the choices they make.  The copy is polished, broadly appealing language with
familiar advertising conventions and a reassuring tone. It feels fluid and intentional, blending
exploratory ideas with refined human judgment, balancing aspiration with approachability. Rather
than overpromising, it focuses on how the product fits naturally into everyday routines.  A tactile
detail stands out: the moment you notice it working quietly in the background, doing exactly what it
should, without asking for attention.

Tagline:
Kivoxo: Made for how you actually live."
C14_S03,C14,AdCopy,HumanAI_Collab,MainstreamCanon,AIDisclosed,Evopo,Eco laundry detergent,"Evopo is designed for people who see eco laundry detergent not as a commodity, but as a small daily
decision that shapes how they live. This campaign speaks to those who value consistency, texture,
and intention in the choices they make.  The copy is polished, broadly appealing language with
familiar advertising conventions and a reassuring tone. It feels fluid and intentional, blending
exploratory ideas with refined human judgment, balancing aspiration with approachability. Rather
than overpromising, it focuses on how the product fits naturally into everyday routines.  A tactile
detail stands out: the moment you notice it working quietly in the background, doing exactly what it
should, without asking for attention.

Tagline:
Evopo: Made for how you actually live."
C14_S04,C14,AdCopy,HumanAI_Collab,MainstreamCanon,AIDisclosed,Korapo &Co,Eco laundry detergent,"Korapo &Co is designed for people who see eco laundry detergent not as a commodity, but as a small
daily decision that shapes how they live. This campaign speaks to those who value consistency,
texture, and intention in the choices they make.  The copy is polished, broadly appealing language
with familiar advertising conventions and a reassuring tone. It feels fluid and intentional,
blending exploratory ideas with refined human judgment, balancing aspiration with approachability.
Rather than overpromising, it focuses on how the product fits naturally into everyday routines.  A
tactile detail stands out: the moment you notice it working quietly in the background, doing exactly
what it should, without asking for attention.

Tagline:
Korapo &Co: Made for how you actually live."
C14_S05,C14,AdCopy,HumanAI_Collab,MainstreamCanon,AIDisclosed,Vitazo Labs,Plant-based snack,"Vitazo Labs is designed for people who see plant-based snack not as a commodity, but as a small
daily decision that shapes how they live. This campaign speaks to those who value consistency,
texture, and intention in the choices they make.  The copy is polished, broadly appealing language
with familiar advertising conventions and a reassuring tone. It feels fluid and intentional,
blending exploratory ideas with refined human judgment, balancing aspiration with approachability.
Rather than overpromising, it focuses on how the product fits naturally into everyday routines.  A
tactile detail stands out: the moment you notice it working quietly in the background, doing exactly
what it should, without asking for attention.

Tagline:
Vitazo Labs: Made for how you actually live."
C14_S06,C14,AdCopy,HumanAI_Collab,MainstreamCanon,AIDisclosed,Codava,Coffee subscription,"Codava is designed for people who see coffee subscription not as a commodity, but as a small daily
decision that shapes how they live. This campaign speaks to those who value consistency, texture,
and intention in the choices they make.  The copy is polished, broadly appealing language with
familiar advertising conventions and a reassuring tone. It feels fluid and intentional, blending
exploratory ideas with refined human judgment, balancing aspiration with approachability. Rather
than overpromising, it focuses on how the product fits naturally into everyday routines.  A tactile
detail stands out: the moment you notice it working quietly in the background, doing exactly what it
should, without asking for attention.

Tagline:
Codava: Made for how you actually live."
C15_S01,C15,AdCopy,HumanAI_Collab,SubculturalNiche,NoDisclosure,Vitano,Travel service,"Vitano is designed for people who see travel service not as a commodity, but as a small daily
decision that shapes how they live. This campaign speaks to those who value consistency, texture,
and intention in the choices they make.  The copy is edgier language with niche cultural references,
an unconventional voice, and a slightly rebellious tone. It feels fluid and intentional, blending
exploratory ideas with refined human judgment, balancing aspiration with approachability. Rather
than overpromising, it focuses on how the product fits naturally into everyday routines.  A tactile
detail stands out: the moment you notice it working quietly in the background, doing exactly what it
should, without asking for attention.

Tagline:
Vitano: Made for how you actually live."
C15_S02,C15,AdCopy,HumanAI_Collab,SubculturalNiche,NoDisclosure,Civily Collective,DIY furniture,"Civily Collective is designed for people who see diy furniture not as a commodity, but as a small
daily decision that shapes how they live. This campaign speaks to those who value consistency,
texture, and intention in the choices they make.  The copy is edgier language with niche cultural
references, an unconventional voice, and a slightly rebellious tone. It feels fluid and intentional,
blending exploratory ideas with refined human judgment, balancing aspiration with approachability.
Rather than overpromising, it focuses on how the product fits naturally into everyday routines.  A
tactile detail stands out: the moment you notice it working quietly in the background, doing exactly
what it should, without asking for attention.

Tagline:
Civily Collective: Made for how you actually live."
C15_S03,C15,AdCopy,HumanAI_Collab,SubculturalNiche,NoDisclosure,Korasa,Plant-based snack,"Korasa is designed for people who see plant-based snack not as a commodity, but as a small daily
decision that shapes how they live. This campaign speaks to those who value consistency, texture,
and intention in the choices they make.  The copy is edgier language with niche cultural references,
an unconventional voice, and a slightly rebellious tone. It feels fluid and intentional, blending
exploratory ideas with refined human judgment, balancing aspiration with approachability. Rather
than overpromising, it focuses on how the product fits naturally into everyday routines.  A tactile
detail stands out: the moment you notice it working quietly in the background, doing exactly what it
should, without asking for attention.

Tagline:
Korasa: Made for how you actually live."
C15_S04,C15,AdCopy,HumanAI_Collab,SubculturalNiche,NoDisclosure,Korari,Electric scooter,"Korari is designed for people who see electric scooter not as a commodity, but as a small daily
decision that shapes how they live. This campaign speaks to those who value consistency, texture,
and intention in the choices they make.  The copy is edgier language with niche cultural references,
an unconventional voice, and a slightly rebellious tone. It feels fluid and intentional, blending
exploratory ideas with refined human judgment, balancing aspiration with approachability. Rather
than overpromising, it focuses on how the product fits naturally into everyday routines.  A tactile
detail stands out: the moment you notice it working quietly in the background, doing exactly what it
should, without asking for attention.

Tagline:
Korari: Made for how you actually live."
C15_S05,C15,AdCopy,HumanAI_Collab,SubculturalNiche,NoDisclosure,Solaxo Group,Athleisure apparel,"Solaxo Group is designed for people who see athleisure apparel not as a commodity, but as a small
daily decision that shapes how they live. This campaign speaks to those who value consistency,
texture, and intention in the choices they make.  The copy is edgier language with niche cultural
references, an unconventional voice, and a slightly rebellious tone. It feels fluid and intentional,
blending exploratory ideas with refined human judgment, balancing aspiration with approachability.
Rather than overpromising, it focuses on how the product fits naturally into everyday routines.  A
tactile detail stands out: the moment you notice it working quietly in the background, doing exactly
what it should, without asking for attention.

Tagline:
Solaxo Group: Made for how you actually live."
C15_S06,C15,AdCopy,HumanAI_Collab,SubculturalNiche,NoDisclosure,Aerove Supply,Travel service,"Aerove Supply is designed for people who see travel service not as a commodity, but as a small daily
decision that shapes how they live. This campaign speaks to those who value consistency, texture,
and intention in the choices they make.  The copy is edgier language with niche cultural references,
an unconventional voice, and a slightly rebellious tone. It feels fluid and intentional, blending
exploratory ideas with refined human judgment, balancing aspiration with approachability. Rather
than overpromising, it focuses on how the product fits naturally into everyday routines.  A tactile
detail stands out: the moment you notice it working quietly in the background, doing exactly what it
should, without asking for attention.

Tagline:
Aerove Supply: Made for how you actually live."
C16_S01,C16,AdCopy,HumanAI_Collab,SubculturalNiche,AIDisclosed,Lumalo Haus,Sparkling beverage,"Lumalo Haus is designed for people who see sparkling beverage not as a commodity, but as a small
daily decision that shapes how they live. This campaign speaks to those who value consistency,
texture, and intention in the choices they make.  The copy is edgier language with niche cultural
references, an unconventional voice, and a slightly rebellious tone. It feels fluid and intentional,
blending exploratory ideas with refined human judgment, balancing aspiration with approachability.
Rather than overpromising, it focuses on how the product fits naturally into everyday routines.  A
tactile detail stands out: the moment you notice it working quietly in the background, doing exactly
what it should, without asking for attention.

Tagline:
Lumalo Haus: Made for how you actually live."
C16_S02,C16,AdCopy,HumanAI_Collab,SubculturalNiche,AIDisclosed,Mirano,Athleisure apparel,"Mirano is designed for people who see athleisure apparel not as a commodity, but as a small daily
decision that shapes how they live. This campaign speaks to those who value consistency, texture,
and intention in the choices they make.  The copy is edgier language with niche cultural references,
an unconventional voice, and a slightly rebellious tone. It feels fluid and intentional, blending
exploratory ideas with refined human judgment, balancing aspiration with approachability. Rather
than overpromising, it focuses on how the product fits naturally into everyday routines.  A tactile
detail stands out: the moment you notice it working quietly in the background, doing exactly what it
should, without asking for attention.

Tagline:
Mirano: Made for how you actually live."
C16_S03,C16,AdCopy,HumanAI_Collab,SubculturalNiche,AIDisclosed,Vitami Collective,Smart home device,"Vitami Collective is designed for people who see smart home device not as a commodity, but as a
small daily decision that shapes how they live. This campaign speaks to those who value consistency,
texture, and intention in the choices they make.  The copy is edgier language with niche cultural
references, an unconventional voice, and a slightly rebellious tone. It feels fluid and intentional,
blending exploratory ideas with refined human judgment, balancing aspiration with approachability.
Rather than overpromising, it focuses on how the product fits naturally into everyday routines.  A
tactile detail stands out: the moment you notice it working quietly in the background, doing exactly
what it should, without asking for attention.

Tagline:
Vitami Collective: Made for how you actually live."
C16_S04,C16,AdCopy,HumanAI_Collab,SubculturalNiche,AIDisclosed,Melopo Co,Eco laundry detergent,"Melopo Co is designed for people who see eco laundry detergent not as a commodity, but as a small
daily decision that shapes how they live. This campaign speaks to those who value consistency,
texture, and intention in the choices they make.  The copy is edgier language with niche cultural
references, an unconventional voice, and a slightly rebellious tone. It feels fluid and intentional,
blending exploratory ideas with refined human judgment, balancing aspiration with approachability.
Rather than overpromising, it focuses on how the product fits naturally into everyday routines.  A
tactile detail stands out: the moment you notice it working quietly in the background, doing exactly
what it should, without asking for attention.

Tagline:
Melopo Co: Made for how you actually live."
C16_S05,C16,AdCopy,HumanAI_Collab,SubculturalNiche,AIDisclosed,Lumago,Skincare,"Lumago is designed for people who see skincare not as a commodity, but as a small daily decision
that shapes how they live. This campaign speaks to those who value consistency, texture, and
intention in the choices they make.  The copy is edgier language with niche cultural references, an
unconventional voice, and a slightly rebellious tone. It feels fluid and intentional, blending
exploratory ideas with refined human judgment, balancing aspiration with approachability. Rather
than overpromising, it focuses on how the product fits naturally into everyday routines.  A tactile
detail stands out: the moment you notice it working quietly in the background, doing exactly what it
should, without asking for attention.

Tagline:
Lumago: Made for how you actually live."
C16_S06,C16,AdCopy,HumanAI_Collab,SubculturalNiche,AIDisclosed,Mirasa Works,DIY furniture,"Mirasa Works is designed for people who see diy furniture not as a commodity, but as a small daily
decision that shapes how they live. This campaign speaks to those who value consistency, texture,
and intention in the choices they make.  The copy is edgier language with niche cultural references,
an unconventional voice, and a slightly rebellious tone. It feels fluid and intentional, blending
exploratory ideas with refined human judgment, balancing aspiration with approachability. Rather
than overpromising, it focuses on how the product fits naturally into everyday routines.  A tactile
detail stands out: the moment you notice it working quietly in the background, doing exactly what it
should, without asking for attention.

Tagline:
Mirasa Works: Made for how you actually live."
C17_S01,C17,AdCopy,HumanAI_Collab,DatasetBiased,NoDisclosure,Lumaly,Plant-based snack,"Lumaly is designed for people who see plant-based snack not as a commodity, but as a small daily
decision that shapes how they live. This campaign speaks to those who value consistency, texture,
and intention in the choices they make.  The copy is smooth but generic language that subtly
reflects Western-centric, lifestyle-default assumptions common in large datasets. It feels fluid and
intentional, blending exploratory ideas with refined human judgment, balancing aspiration with
approachability. Rather than overpromising, it focuses on how the product fits naturally into
everyday routines.  A tactile detail stands out: the moment you notice it working quietly in the
background, doing exactly what it should, without asking for attention.

Tagline:
Lumaly: Made for how you actually live."
C17_S02,C17,AdCopy,HumanAI_Collab,DatasetBiased,NoDisclosure,Vitaly,Skincare,"Vitaly is designed for people who see skincare not as a commodity, but as a small daily decision
that shapes how they live. This campaign speaks to those who value consistency, texture, and
intention in the choices they make.  The copy is smooth but generic language that subtly reflects
Western-centric, lifestyle-default assumptions common in large datasets. It feels fluid and
intentional, blending exploratory ideas with refined human judgment, balancing aspiration with
approachability. Rather than overpromising, it focuses on how the product fits naturally into
everyday routines.  A tactile detail stands out: the moment you notice it working quietly in the
background, doing exactly what it should, without asking for attention.

Tagline:
Vitaly: Made for how you actually live."
C17_S03,C17,AdCopy,HumanAI_Collab,DatasetBiased,NoDisclosure,Codazo,Skincare,"Codazo is designed for people who see skincare not as a commodity, but as a small daily decision
that shapes how they live. This campaign speaks to those who value consistency, texture, and
intention in the choices they make.  The copy is smooth but generic language that subtly reflects
Western-centric, lifestyle-default assumptions common in large datasets. It feels fluid and
intentional, blending exploratory ideas with refined human judgment, balancing aspiration with
approachability. Rather than overpromising, it focuses on how the product fits naturally into
everyday routines.  A tactile detail stands out: the moment you notice it working quietly in the
background, doing exactly what it should, without asking for attention.

Tagline:
Codazo: Made for how you actually live."
C17_S04,C17,AdCopy,HumanAI_Collab,DatasetBiased,NoDisclosure,Novova,Skincare,"Novova is designed for people who see skincare not as a commodity, but as a small daily decision
that shapes how they live. This campaign speaks to those who value consistency, texture, and
intention in the choices they make.  The copy is smooth but generic language that subtly reflects
Western-centric, lifestyle-default assumptions common in large datasets. It feels fluid and
intentional, blending exploratory ideas with refined human judgment, balancing aspiration with
approachability. Rather than overpromising, it focuses on how the product fits naturally into
everyday routines.  A tactile detail stands out: the moment you notice it working quietly in the
background, doing exactly what it should, without asking for attention.

Tagline:
Novova: Made for how you actually live."
C17_S05,C17,AdCopy,HumanAI_Collab,DatasetBiased,NoDisclosure,Codami,Fitness studio,"Codami is designed for people who see fitness studio not as a commodity, but as a small daily
decision that shapes how they live. This campaign speaks to those who value consistency, texture,
and intention in the choices they make.  The copy is smooth but generic language that subtly
reflects Western-centric, lifestyle-default assumptions common in large datasets. It feels fluid and
intentional, blending exploratory ideas with refined human judgment, balancing aspiration with
approachability. Rather than overpromising, it focuses on how the product fits naturally into
everyday routines.  A tactile detail stands out: the moment you notice it working quietly in the
background, doing exactly what it should, without asking for attention.

Tagline:
Codami: Made for how you actually live."
C17_S06,C17,AdCopy,HumanAI_Collab,DatasetBiased,NoDisclosure,Ariadi Labs,Coffee subscription,"Ariadi Labs is designed for people who see coffee subscription not as a commodity, but as a small
daily decision that shapes how they live. This campaign speaks to those who value consistency,
texture, and intention in the choices they make.  The copy is smooth but generic language that
subtly reflects Western-centric, lifestyle-default assumptions common in large datasets. It feels
fluid and intentional, blending exploratory ideas with refined human judgment, balancing aspiration
with approachability. Rather than overpromising, it focuses on how the product fits naturally into
everyday routines.  A tactile detail stands out: the moment you notice it working quietly in the
background, doing exactly what it should, without asking for attention.

Tagline:
Ariadi Labs: Made for how you actually live."
C18_S01,C18,AdCopy,HumanAI_Collab,DatasetBiased,AIDisclosed,Nexami Co,Sparkling beverage,"Nexami Co is designed for people who see sparkling beverage not as a commodity, but as a small daily
decision that shapes how they live. This campaign speaks to those who value consistency, texture,
and intention in the choices they make.  The copy is smooth but generic language that subtly
reflects Western-centric, lifestyle-default assumptions common in large datasets. It feels fluid and
intentional, blending exploratory ideas with refined human judgment, balancing aspiration with
approachability. Rather than overpromising, it focuses on how the product fits naturally into
everyday routines.  A tactile detail stands out: the moment you notice it working quietly in the
background, doing exactly what it should, without asking for attention.

Tagline:
Nexami Co: Made for how you actually live."
C18_S02,C18,AdCopy,HumanAI_Collab,DatasetBiased,AIDisclosed,Rivono Studio,DIY furniture,"Rivono Studio is designed for people who see diy furniture not as a commodity, but as a small daily
decision that shapes how they live. This campaign speaks to those who value consistency, texture,
and intention in the choices they make.  The copy is smooth but generic language that subtly
reflects Western-centric, lifestyle-default assumptions common in large datasets. It feels fluid and
intentional, blending exploratory ideas with refined human judgment, balancing aspiration with
approachability. Rather than overpromising, it focuses on how the product fits naturally into
everyday routines.  A tactile detail stands out: the moment you notice it working quietly in the
background, doing exactly what it should, without asking for attention.

Tagline:
Rivono Studio: Made for how you actually live."
C18_S03,C18,AdCopy,HumanAI_Collab,DatasetBiased,AIDisclosed,Rivodi,Skincare,"Rivodi is designed for people who see skincare not as a commodity, but as a small daily decision
that shapes how they live. This campaign speaks to those who value consistency, texture, and
intention in the choices they make.  The copy is smooth but generic language that subtly reflects
Western-centric, lifestyle-default assumptions common in large datasets. It feels fluid and
intentional, blending exploratory ideas with refined human judgment, balancing aspiration with
approachability. Rather than overpromising, it focuses on how the product fits naturally into
everyday routines.  A tactile detail stands out: the moment you notice it working quietly in the
background, doing exactly what it should, without asking for attention.

Tagline:
Rivodi: Made for how you actually live."
C18_S04,C18,AdCopy,HumanAI_Collab,DatasetBiased,AIDisclosed,Vitapo Collective,Coffee subscription,"Vitapo Collective is designed for people who see coffee subscription not as a commodity, but as a
small daily decision that shapes how they live. This campaign speaks to those who value consistency,
texture, and intention in the choices they make.  The copy is smooth but generic language that
subtly reflects Western-centric, lifestyle-default assumptions common in large datasets. It feels
fluid and intentional, blending exploratory ideas with refined human judgment, balancing aspiration
with approachability. Rather than overpromising, it focuses on how the product fits naturally into
everyday routines.  A tactile detail stands out: the moment you notice it working quietly in the
background, doing exactly what it should, without asking for attention.

Tagline:
Vitapo Collective: Made for how you actually live."
C18_S05,C18,AdCopy,HumanAI_Collab,DatasetBiased,AIDisclosed,Civixo,Plant-based snack,"Civixo is designed for people who see plant-based snack not as a commodity, but as a small daily
decision that shapes how they live. This campaign speaks to those who value consistency, texture,
and intention in the choices they make.  The copy is smooth but generic language that subtly
reflects Western-centric, lifestyle-default assumptions common in large datasets. It feels fluid and
intentional, blending exploratory ideas with refined human judgment, balancing aspiration with
approachability. Rather than overpromising, it focuses on how the product fits naturally into
everyday routines.  A tactile detail stands out: the moment you notice it working quietly in the
background, doing exactly what it should, without asking for attention.

Tagline:
Civixo: Made for how you actually live."
C18_S06,C18,AdCopy,HumanAI_Collab,DatasetBiased,AIDisclosed,Novono,Streaming audio app,"Novono is designed for people who see streaming audio app not as a commodity, but as a small daily
decision that shapes how they live. This campaign speaks to those who value consistency, texture,
and intention in the choices they make.  The copy is smooth but generic language that subtly
reflects Western-centric, lifestyle-default assumptions common in large datasets. It feels fluid and
intentional, blending exploratory ideas with refined human judgment, balancing aspiration with
approachability. Rather than overpromising, it focuses on how the product fits naturally into
everyday routines.  A tactile detail stands out: the moment you notice it working quietly in the
background, doing exactly what it should, without asking for attention.

Tagline:
Novono: Made for how you actually live."
